location,seal_count,seal_type,closest_station_name,date,rainfall,maxt,mint,wdsp,eastings,northings,lat,long,county
Ballyheige,1,Grey,M.CUMMERAGH NO.1,17/08/2003,1.4,17.8,13.4,,69800,122500,52.3391,-9.91102,Kerry
Tralee Bay,11,Grey,INISHBOFIN,17/08/2003,1.4,17.8,13.4,,68200,110700,52.23273,-9.92987,Kerry
Dingle Bay,13,Harbour,INISHBOFIN,17/08/2003,1.4,17.8,13.4,,72000,110800,52.23453,-9.87432,Kerry
Kinvara,99,Harbour,KNOCKNAGOSHEL (Meinleitrim),15/08/2003,0,,,,136500,212700,53.16128,-8.95008,Galway
Ballysadare Bay,8,Grey,CORK AIRPORT,13/08/2003,0,18.3,13.8,,161100,332900,54.24352,-8.59742,Sligo
Ballysadare Bay,12,Grey,CORK AIRPORT,13/08/2003,0,18.3,13.8,,160800,332500,54.23991,-8.60197,Sligo
Ballysadare Bay,85,Harbour,CORK AIRPORT,13/08/2003,0,18.3,13.8,,161100,332900,54.24352,-8.59742,Sligo
Ballysadare Bay,35,Harbour,CORK AIRPORT,13/08/2003,0,18.3,13.8,,160800,332500,54.23991,-8.60197,Sligo
Ballysadare Bay,15,Harbour,CORK AIRPORT,13/08/2003,0,18.3,13.8,,160500,332500,54.23988,-8.60657,Sligo
Ballysadare Bay,26,Harbour,CORK AIRPORT,13/08/2003,0,18.3,13.8,,160300,333400,54.24795,-8.60976,Sligo
Ballysadare Bay,96,Harbour,CORK AIRPORT,13/08/2003,0,18.3,13.8,,161300,332200,54.23725,-8.59426,Sligo
Skelligs Bay,1,Grey,VENTRY THE BOAT SLIP,17/08/2003,8.5,,,,26900,61900,51.78317,-10.50918,Kerry
Outer Bay,1,Grey,CROLLY (Filter Works),13/08/2003,0,18.2,14.3,,184200,369100,54.56995,-8.24503,Donegal
River Erne,2,Harbour,DROMAHAIR (Market St.),13/08/2003,0,18.2,14.3,,183700,362100,54.50706,-8.25237,Donegal
Erris Hd,2,Grey,KILCLOONEY MORE,13/08/2003,0,,,,70200,341900,54.30936,-9.99501,Mayo
Erris Hd,2,Grey,FRENCHPARK CALLOW,13/08/2003,0,,,,67900,339100,54.28364,-10.02908,Mayo
Inishkeas,14,Grey,CORK AIRPORT,13/08/2003,0,,,,62200,331800,54.2166,-10.11319,Mayo
Inishkeas,10,Grey,KILCAR (Cronasillagh),13/08/2003,0,,,,61300,330700,54.20648,-10.12647,Mayo
North narrows,9,Grey,MALLOW (Hazelwood),14/08/2003,0,,,,75200,311100,54.03406,-9.90548,Mayo
North narrows,3,Grey,MALLOW (Hazelwood),14/08/2003,0,,,,75200,310800,54.03137,-9.90536,Mayo
Belmullet,5,Harbour,KILCAR (Cronasillagh),13/08/2003,0,,,,76200,331300,54.21568,-9.8985,Mayo
Belmullet,25,Harbour,CORK AIRPORT,13/08/2003,0,,,,75900,331800,54.22009,-9.9033,Mayo
Belmullet,17,Harbour,CORK AIRPORT,13/08/2003,0,,,,75800,331700,54.21917,-9.9048,Mayo
Blacksod,1,Harbour,SCARRIFF (Fossabeg),14/08/2003,0,,,,67100,327900,54.18288,-10.0364,Mayo
Belmullet,12,Harbour,SCARRIFF (Fossabeg),14/08/2003,0,,,,68700,328600,54.18957,-10.01222,Mayo
Belmullet,15,Harbour,SCARRIFF (Fossabeg),14/08/2003,0,,,,70200,328400,54.18816,-9.98917,Mayo
Belmullet,13,Harbour,SCARRIFF (Fossabeg),14/08/2003,0,,,,70500,328600,54.19003,-9.98466,Mayo
Benwee Hd,3,Grey,RITCHIES BAY,13/08/2003,0,17.8,12.5,,81200,344300,54.33359,-9.82706,Mayo
Benwee Hd,1,Grey,KILCLOONEY MORE,13/08/2003,0,17.8,12.5,,80300,343500,54.32619,-9.84056,Mayo
Benwee Hd,16,Grey,KILCLOONEY MORE,13/08/2003,0,17.8,12.5,,79900,343400,54.3252,-9.84667,Mayo
Cardy Rocks,2,Grey,BALLINEEN (Carbery),20/08/2003,0,,,,319800,265600,53.62668,-6.18998,Dublin
Cardy Rocks,9,Grey,BALLINEEN (Carbery),20/08/2003,0,,,,320500,266000,53.63011,-6.17925,Dublin
Cardy Rocks,30,Grey,BALLINEEN (Carbery),20/08/2003,0,,,,320400,266100,53.63103,-6.18073,Dublin
Cardy Rocks,6,Grey,BALLINEEN (Carbery),20/08/2003,0,,,,320400,266200,53.63193,-6.18069,Dublin
Inishbeg,1,Grey,SLIEVE BLOOM MTNS.(Nealstown),12/08/2003,0,,,,189700,439700,55.20427,-8.16252,Donegal
Inishbeg,22,Grey,SLIEVE BLOOM MTNS.(Nealstown),12/08/2003,0,,,,189900,437900,55.18811,-8.15932,Donegal
West Tory,4,Grey,FETHARD (PARSONSHILL),12/08/2003,0,,,,184600,447600,55.2751,-8.24305,Donegal
Inishbeg,12,Harbour,SLIEVE BLOOM MTNS.(Nealstown),12/08/2003,0,,,,189300,438500,55.19348,-8.16876,Donegal
Lettermore Is,3,Harbour,BALLYHAHILL_Glenbawn,15/08/2003,0,,,,89400,235600,53.35926,-9.66194,Galway
Lettermore Is,8,Harbour,BELCARRA (Carrajames),15/08/2003,0,,,,89400,237500,53.37633,-9.6626,Galway
Lettermore Is,2,Harbour,BELCARRA (Carrajames),15/08/2003,0,,,,89500,237700,53.37815,-9.66117,Galway
Lettermore Is,1,Harbour,BELCARRA (Carrajames),15/08/2003,0,,,,90500,238500,53.38554,-9.64643,Galway
Lettermore Is,6,Harbour,BELCARRA (Carrajames),15/08/2003,0,,,,90300,237700,53.37831,-9.64916,Galway
Lettermore Is,6,Harbour,BELCARRA (Carrajames),15/08/2003,0,,,,90300,237300,53.37472,-9.64902,Galway
Lettermore Is,8,Harbour,BELCARRA (Carrajames),15/08/2003,0,,,,90300,237400,53.37562,-9.64905,Galway
Lettermore Is,2,Harbour,BALLYHAHILL_Glenbawn,15/08/2003,0,,,,90400,236800,53.37025,-9.64734,Galway
Lettermore Is,1,Harbour,BALLYHAHILL_Glenbawn,15/08/2003,0,,,,91200,236600,53.36862,-9.63526,Galway
Lettermore Is,2,Harbour,BALLYHAHILL_Glenbawn,15/08/2003,0,,,,91200,236200,53.36503,-9.63512,Galway
Lettermore Is,4,Harbour,BALLYHAHILL_Glenbawn,15/08/2003,0,,,,90100,235700,53.36031,-9.65147,Galway
Lettermore Is,3,Harbour,CARROWMORE LACKEN,15/08/2003,0,,,,89800,234700,53.35126,-9.65562,Galway
Lettermore Is,6,Harbour,M.BALLYVOURNEY (Knockacommeen),15/08/2003,0,,,,89000,232000,53.32685,-9.66668,Galway
Lettermore Is,2,Harbour,BELCARRA (Carrajames),15/08/2003,0,,,,93400,237300,53.37535,-9.60246,Galway
Garvan,2,Grey,CLONASLEE WATERWORKS II,12/08/2003,1.4,,,,243500,460200,55.38659,-7.31441,Donegal
Garvan,1,Grey,CLONASLEE WATERWORKS II,12/08/2003,1.4,,,,243700,460400,55.38836,-7.31122,Donegal
Garvan,11,Grey,CLONASLEE WATERWORKS II,12/08/2003,1.4,,,,243500,460800,55.39197,-7.31432,Donegal
Inishtrahull,6,Grey,MULLINAHONE (Killaghy),12/08/2003,1.4,,,,249300,465300,55.43184,-7.22201,Donegal
Inishtrahull,15,Grey,MULLINAHONE (Killaghy),12/08/2003,1.4,,,,248200,465600,55.43465,-7.23933,Donegal
Inishtrahull,21,Grey,MULLINAHONE (Killaghy),12/08/2003,1.4,,,,247400,466900,55.4464,-7.25174,Donegal
Inishtrahull,4,Grey,MULLINAHONE (Killaghy),12/08/2003,1.4,,,,248200,467300,55.44991,-7.23903,Donegal
Killala Bay,1,Grey,CORK AIRPORT,13/08/2003,0,,,,123500,334200,54.25096,-9.17439,Mayo
Killala Bay,4,Grey,GRANGE (Mountemple),13/08/2003,0,,,,122500,335300,54.26069,-9.19001,Mayo
Cleggan,9,Harbour,BALLINA (Attymass),15/08/2003,0,,,,57200,259800,53.56883,-10.15623,Galway
Cleggan,1,Harbour,CORROFIN (Soheen),15/08/2003,0,,,,54700,257600,53.5484,-10.19292,Galway
Cleggan,4,Harbour,BALLINA (Shanaghy),15/08/2003,0,,,,56600,250700,53.48697,-10.16112,Galway
Mannin Bay,1,Grey,DUNMANWAY (Demesne),15/08/2003,0,,,,62000,246600,53.4516,-10.07803,Galway
Slyne Hd,1,Grey,MACROOM (Renaniree),15/08/2003,0,,,,54400,242900,53.41633,-10.19063,Galway
Slyne Hd,1,Grey,MACROOM (Renaniree),15/08/2003,0,,,,53800,241700,53.40539,-10.19909,Galway
Slyne Hd,5,Grey,MACROOM (Renaniree),15/08/2003,0,,,,52300,241300,53.40139,-10.22144,Galway
Slyne Hd,2,Grey,MACROOM (Renaniree),15/08/2003,0,,,,52300,241200,53.40049,-10.22139,Galway
Slyne Hd,2,Grey,MACROOM (Renaniree),15/08/2003,0,,,,51400,240800,53.39664,-10.23473,Galway
Slyne Hd,8,Grey,MACROOM (Renaniree),15/08/2003,0,,,,52100,240600,53.39505,-10.22412,Galway
Slyne Hd,1,Grey,MACROOM (Renaniree),15/08/2003,0,,,,57900,240100,53.39215,-10.13677,Galway
Slyne Hd,2,Grey,MACROOM (Renaniree),15/08/2003,0,,,,59700,240500,53.39622,-10.10991,Galway
Slyne Hd,3,Grey,MACROOM (Renaniree),15/08/2003,0,,,,59800,240400,53.39535,-10.10836,Galway
Slyne Hd,1,Grey,LISGLENNON WATERWORKS,15/08/2003,0,,,,60200,239200,53.38468,-10.10182,Galway
Slyne Hd,3,Grey,LISGLENNON WATERWORKS,15/08/2003,0,,,,60400,238900,53.38204,-10.09869,Galway
Slyne Hd,1,Grey,MACROOM (Renaniree),15/08/2003,0,,,,61100,240100,53.393,-10.0887,Galway
Slyne Hd,1,Grey,LISGLENNON WATERWORKS,15/08/2003,0,,,,63800,238900,53.38293,-10.04763,Galway
Slyne ad,3,Grey,BELCARRA (Carrajames),15/08/2003,0,,,,64000,238800,53.38208,-10.04458,Galway
Cleggan,1,Harbour,MACROOM (Curraleigh),15/08/2003,0,,,,62700,252800,53.50745,-10.07021,Galway
Mannin Bay,1,Harbour,DUNMANWAY (Demesne),15/08/2003,0,,,,62200,248300,53.46691,-10.07576,Galway
Mannin Bay,5,Harbour,DUNMANWAY (Demesne),15/08/2003,0,,,,62000,246600,53.4516,-10.07803,Galway
Mannin Bay,7,Harbour,DUNMANWAY (Demesne),15/08/2003,0,,,,61900,246600,53.45157,-10.07953,Galway
Mannin Bay,2,Harbour,DUNMANWAY (Demesne),15/08/2003,0,,,,58200,247100,53.45508,-10.13541,Galway
Mannin Bay,1,Harbour,DUNMANWAY (Demesne),15/08/2003,0,,,,58200,246600,53.45059,-10.13518,Galway
Slyne Head,2,Harbour,MACROOM (Renaniree),15/08/2003,0,,,,62400,242000,53.4104,-10.07,Galway
Slyne Head,2,Harbour,MACROOM (Renaniree),15/08/2003,0,,,,63700,241200,53.40355,-10.05012,Galway
Magharee Is,1,Grey,DERRIANA,17/08/2003,2.3,,,,62700,121300,52.32659,-10.01463,Kerry
Magharee Is,1,Grey,CLEGGAN (Cloch Breac),17/08/2003,2.3,,,,59600,119400,52.30874,-10.05928,Kerry
Clogher Hd,1,Grey,CROAGH (Smithfield),20/08/2003,0.3,,,,315900,284800,53.79998,-6.24172,Louth
Clogher Hd,4,Grey,CROAGH (Smithfield),20/08/2003,0.3,,,,315500,285200,53.80366,-6.24764,Louth
Clogher Hd,1,Grey,CROAGH (Smithfield),20/08/2003,0.3,,,,315400,285200,53.80368,-6.24916,Louth
Clogher Hd,10,Grey,CARHEENY BEG,20/08/2003,0.3,,,,315200,286500,53.8154,-6.2517,Louth
Clogher Hd,8,Harbour,CARHEENY BEG,20/08/2003,0.3,,,,315200,286500,53.8154,-6.2517,Louth
Kilmichael,1,Grey,DELPHI LODGE II,20/08/2003,0,,,,325500,166400,52.73449,-6.14278,Wexford
Kilmichael,3,Grey,DELPHI LODGE II,20/08/2003,0,,,,325500,166500,52.73539,-6.14275,Wexford
Poulnaclogh,37,Harbour,MULLAGH (Carrowlagan),15/08/2003,0,,,,127800,210400,53.13951,-9.07961,Clare
Ballyvaughan Bay,28,Harbour,ESKERAGH,16/08/2003,2,,,,123400,209000,53.12632,-9.14501,Clare
Ballyvaughan Bay,6,Harbour,ESKERAGH,16/08/2003,2,,,,123500,208800,53.12454,-9.14346,Clare
Ballyvaughan Bay,29,Harbour,ESKERAGH,16/08/2003,2,,,,123600,208600,53.12276,-9.14192,Clare
Lettermore Is,1,Harbour,BALLYDESMOND,15/08/2003,0,,,,91700,229800,53.30765,-9.62543,Galway
Lettermore Is,7,Harbour,ENNISTYMON (Deerpark),15/08/2003,0,,,,88200,226800,53.27998,-9.67685,Galway
Lettermore Is,7,Harbour,M.BALLINGEARY (Meelin Mtn.),15/08/2003,0,,,,88600,227600,53.28725,-9.67114,Galway
Lettermore Is,1,Harbour,M.BALLINGEARY (Tooreenaneen),15/08/2003,0,,,,87100,225800,53.27076,-9.69298,Galway
Rossaveel,1,Harbour,COOMCLOGH,16/08/2003,0,,,,96300,225600,53.27084,-9.55508,Galway
Rossaveel,1,Harbour,ENNISTYMON (Deerpark),16/08/2003,0,,,,96500,227200,53.28525,-9.5526,Galway
Rossaveel,5,Harbour,ENNISTYMON (Deerpark),16/08/2003,0,,,,96900,227000,53.28354,-9.54654,Galway
Rossaveel,6,Harbour,ENNISTYMON (Deerpark),16/08/2003,0,,,,96800,226800,53.28172,-9.54798,Galway
Rossaveel,12,Harbour,ENNISTYMON (Deerpark),16/08/2003,0,,,,96800,226800,53.28172,-9.54798,Galway
Rossaveel,4,Harbour,SKIBEREEN (WaterTreatmentPlant),16/08/2003,0,,,,96400,223300,53.25021,-9.55283,Galway
Rossaveel,1,Harbour,DOO-LOUGH,16/08/2003,0,,,,96600,221700,53.23587,-9.54932,Galway
Rossaveel,6,Harbour,DRIMOLEAGUE (Angram),16/08/2003,0,,,,105000,221100,53.23205,-9.42338,Galway
Rossaveel,39,Harbour,DRIMOLEAGUE (Angram),16/08/2003,0,,,,105800,220700,53.2286,-9.41128,Galway
Rossaveel,4,Harbour,DRIMOLEAGUE (Angram),16/08/2003,0,,,,106100,220800,53.22955,-9.40682,Galway
Kinvara,7,Grey,CASTLEISLAND (Coom),16/08/2003,0.2,,,,128500,215300,53.18363,-9.07024,Galway
Oranmore,1,Harbour,SKIBEREEN (WaterTreatmentPlant),15/08/2003,0,,,,136400,224300,53.26549,-8.95389,Galway
Oranmore,1,Harbour,SKIBEREEN (WaterTreatmentPlant),15/08/2003,0,,,,136400,224300,53.26549,-8.95389,Galway
Oranmore,48,Harbour,DRIMOLEAGUE (Angram),15/08/2003,0,,,,136500,220300,53.22956,-8.95159,Galway
Oranmore,17,Harbour,SKIBEREEN (WaterTreatmentPlant),15/08/2003,0,,,,136200,224000,53.26277,-8.95682,Galway
Oranmore,1,Harbour,DOO-LOUGH,15/08/2003,0,,,,134400,221500,53.24009,-8.98328,Galway
Inner Bay,14,Harbour,DRIMOLEAGUE (Angram),15/08/2003,0,,,,132300,221000,53.23533,-9.01462,Galway
Inner Bay,18,Harbour,DRIMOLEAGUE (Angram),15/08/2003,0,,,,132200,221000,53.23532,-9.01612,Galway
Kinvara,1,Harbour,KILMIHIL (Shyan),15/08/2003,0,,,,136700,216200,53.19275,-8.94778,Galway
Kinvara,4,Harbour,CASTLEISLAND (Coom),16/08/2003,0.2,,,,128300,215300,53.1836,-9.07323,Galway
Kinvara,13,Harbour,CASTLEISLAND (Coom),16/08/2003,0.2,,,,128300,215300,53.1836,-9.07323,Galway
Fannys Bay,1,Grey,SLIEVE BLOOM MTNS.(Nealstown),12/08/2003,1.5,,,,213500,438600,55.19431,-7.78878,Donegal
Fannys Bay,2,Grey,SLIEVE BLOOM MTNS.(Nealstown),12/08/2003,1.5,,,,212800,439000,55.19792,-7.79975,Donegal
Rosguil,1,Grey,DUNGARVAN (Carriglea),12/08/2003,1.5,,,,210500,443600,55.2393,-7.8357,Donegal
Rosguil,3,Grey,DUNGARVAN (Carriglea),12/08/2003,1.5,,,,209500,443400,55.23752,-7.85142,Donegal
Fanny's Bay,25,Harbour,SLIEVE BLOOM MTNS.(Nealstown),12/08/2003,1.5,,,,213500,438600,55.19431,-7.78878,Donegal
Fanad Hd,1,Harbour,CLONMEL (Redmondstown),12/08/2003,1.5,,,,220000,446300,55.26326,-7.68617,Donegal
Cahersiveen,1,Grey,BALLINSKELLIGS THE GLEN,17/08/2003,9,,,,45600,79600,51.94759,-10.24634,Kerry
Cahersiveen,12,Harbour,BALLINSKELLIGS THE GLEN,17/08/2003,9,,,,48700,80800,51.95921,-10.20181,Kerry
Cahersiveen,1,Harbour,BALLINSKELLIGS THE GLEN,17/08/2003,9,,,,45600,79600,51.94759,-10.24634,Kerry
Cahersiveen,1,Harbour,BALLINSKELLIGS THE GLEN,17/08/2003,9,,,,42100,79400,51.94481,-10.2971,Kerry
Ballinskelligs Bay,8,Harbour,VENTRY THE BOAT SLIP,17/08/2003,9,,,,49100,66100,51.82731,-10.18957,Kerry
Inishkeas,34,Grey,KILCAR (Cronasillagh),13/08/2003,0,,,,59700,329600,54.19617,-10.15046,Mayo
Inishkeas,50,Grey,GLENAMADDY (Gortnagier),13/08/2003,0,,,,57200,325600,54.15957,-10.18684,Mayo
Inishkeas,18,Grey,GLENAMADDY (Gortnagier),13/08/2003,0,,,,57200,325200,54.15598,-10.18665,Mayo
Inishkeas,3,Grey,GLENAMADDY (Gortnagier),13/08/2003,0,,,,57300,325800,54.16139,-10.1854,Mayo
Inishkeas,4,Grey,MUSKERRY (GOLF CLUB),13/08/2003,0,,,,59900,316300,54.07682,-10.14122,Mayo
North Achill,1,Grey,PATRICKSWELL (Dooneen),14/08/2003,0,,,,57600,308700,54.00796,-10.17277,Mayo
North Achill,7,Grey,PATRICKSWELL (Dooneen),14/08/2003,0,,,,56400,307800,53.99955,-10.19064,Mayo
North Achill,11,Grey,PATRICKSWELL (Dooneen),14/08/2003,0,,,,56300,307300,53.99503,-10.19193,Mayo
North Achill,5,Grey,PATRICKSWELL (Dooneen),14/08/2003,0,,,,56200,307200,53.99411,-10.1934,Mayo
North Achill,2,Grey,PATRICKSWELL (Dooneen),14/08/2003,0,,,,55600,306800,53.99035,-10.20236,Mayo
North Achill,15,Grey,PATRICKSWELL (Dooneen),14/08/2003,0,,,,55100,306600,53.98842,-10.20988,Mayo
West Achill,1,Grey,PATRICKSWELL (Dooneen),14/08/2003,0,,,,51500,304800,53.97124,-10.26384,Mayo
Blacksod,27,Harbour,GORT (Derrybrien) II,14/08/2003,0,,,,65400,319700,54.10881,-10.05877,Mayo
Blacksod,1,Harbour,LOUGHREA (Rathruddy West),14/08/2003,0,,,,65600,319800,54.10976,-10.05576,Mayo
North narrows,1,Harbour,PATRICKSWELL (Dooneen),14/08/2003,0,,,,72600,308700,54.01188,-9.94413,Mayo
Inch,1,Harbour,DEREEN,17/08/2003,1.1,20.1,14.4,,64700,94800,52.08908,-9.97474,Kerry
Inch,8,Harbour,CLOGHANE,17/08/2003,1.1,20.1,14.4,,71900,98900,52.12762,-9.87129,Kerry
Dalkey Is,2,Grey,M.BALLINGEARY (Tooreenaneen),20/08/2003,0,22.7,12.7,,328000,226200,53.27094,-6.08213,Dublin
Dalkey Is,2,Grey,LAHERDANE (Cum),20/08/2003,0,22.7,12.7,,328400,226600,53.27444,-6.07597,Dublin
Dalkey Is,4,Grey,LAHERDANE (Cum),20/08/2003,0,22.7,12.7,,328300,226700,53.27536,-6.07743,Dublin
Dalkey Is,8,Grey,LAHERDANE (Cum),20/08/2003,0,22.7,12.7,,327500,226700,53.27555,-6.08942,Dublin
Dungarvan,1,Harbour,DEREEN,19/08/2003,0,20,12.6,,230300,92100,52.08052,-7.55876,Waterford
Dungloe Bay,13,Harbour,KNOCKANORE,12/08/2003,4.2,,,,171800,414300,54.97543,-8.44113,Donegal
Dungloe Bay,9,Harbour,YOUGHAL (Glendine W.W.),12/08/2003,4.2,,,,172100,414100,54.97365,-8.43643,Donegal
Dungloe Bay,6,Harbour,YOUGHAL (Glendine W.W.),12/08/2003,4.2,,,,172200,413700,54.97006,-8.43483,Donegal
Dungloe Bay,4,Harbour,YOUGHAL (Glendine W.W.),12/08/2003,4.2,,,,172500,412800,54.96199,-8.43006,Donegal
Dungloe Bay,3,Harbour,YOUGHAL (Glendine W.W.),12/08/2003,4.2,,,,172700,412400,54.95841,-8.4269,Donegal
Dungloe Bay,7,Harbour,YOUGHAL (Glendine W.W.),12/08/2003,4.2,,,,172800,412400,54.95842,-8.42534,Donegal
Dungloe Bay,19,Harbour,CAHIR (Voc.Sch.),12/08/2003,4.2,,,,172800,411700,54.95213,-8.42527,Donegal
Dungloe Bay,8,Harbour,CAHIR (Voc.Sch.),12/08/2003,4.2,,,,172600,411700,54.95212,-8.42839,Donegal
Dungloe Bay,3,Harbour,CAHIR (Voc.Sch.),12/08/2003,4.2,,,,172500,411700,54.95211,-8.42995,Donegal
Dungloe Bay,9,Harbour,CAHIR (Voc.Sch.),12/08/2003,4.2,,,,172400,411600,54.95121,-8.4315,Donegal
Dungloe Bay,3,Harbour,CAHIR (Voc.Sch.),12/08/2003,4.2,,,,172200,411100,54.94671,-8.43458,Donegal
Dungloe Bay,12,Harbour,DROMOD (Ruskey),12/08/2003,4.2,,,,172600,410500,54.94134,-8.42828,Donegal
Dungloe Bay,28,Harbour,YOUGHAL (Glendine W.W.),12/08/2003,4.2,,,,173700,412300,54.95757,-8.41128,Donegal
Dungloe Bay,4,Harbour,CAHIR (Voc.Sch.),12/08/2003,4.2,,,,173600,411800,54.95307,-8.4128,Donegal
Dungloe Bay,9,Harbour,CAHIR (Voc.Sch.),12/08/2003,4.2,,,,173700,411700,54.95218,-8.41123,Donegal
Dungloe Bay,5,Harbour,CAHIR (Voc.Sch.),12/08/2003,4.2,,,,173200,411400,54.94945,-8.419,Donegal
Dungloe Bay,26,Harbour,CAHIR (Voc.Sch.),12/08/2003,4.2,,,,173700,411100,54.94679,-8.41117,Donegal
Dungloe Bay,9,Harbour,CAHIR (Voc.Sch.),12/08/2003,4.2,,,,173700,411800,54.95307,-8.41123,Donegal
Dungloe Bay,3,Harbour,CAHIR (Voc.Sch.),12/08/2003,4.2,,,,174600,411300,54.94863,-8.39714,Donegal
Dungloe Bay,14,Harbour,CAHIR (Voc.Sch.),12/08/2003,4.2,,,,175200,411700,54.95225,-8.38781,Donegal
Dungloe Bay,5,Harbour,CAHIR (Voc.Sch.),12/08/2003,4.2,,,,174700,411300,54.94863,-8.39558,Donegal
Dungloe Bay,19,Harbour,DROMOD (Ruskey),12/08/2003,4.2,,,,173700,410200,54.9387,-8.41109,Donegal
Dungloe Bay,28,Harbour,DROMOD (Ruskey),12/08/2003,4.2,,,,173600,410300,54.9396,-8.41266,Donegal
Lahinch,2,Grey,MAAM VALLEY,16/08/2003,0,,,,109100,186900,52.92556,-9.35234,Clare
Coolieragh Hbr,30,Harbour,VENTRY THE BOAT SLIP,18/08/2003,0,19.1,9.4,,90700,50800,51.69954,-9.58164,Cork
Coolieragh Hbr,3,Harbour,VENTRY THE BOAT SLIP,18/08/2003,0,19.1,9.4,,90700,50800,51.69954,-9.58164,Cork
Coolieragh Hbr,12,Harbour,VENTRY THE BOAT SLIP,18/08/2003,0,19.1,9.4,,90900,50700,51.69868,-9.57871,Cork
Coolieragh Hbr,1,Harbour,VENTRY THE BOAT SLIP,18/08/2003,0,19.1,9.4,,93100,52300,51.71347,-9.5474,Cork
Whiddy,21,Harbour,VENTRY THE BOAT SLIP,18/08/2003,0,19.1,9.4,,95500,49800,51.69146,-9.51194,Cork
Whiddy,21,Harbour,VENTRY THE BOAT SLIP,18/08/2003,0,19.1,9.4,,95600,52500,51.71574,-9.5113,Cork
Yellow Rocks,17,Harbour,VENTRY THE BOAT SLIP,18/08/2003,0,19.1,9.4,,95500,53400,51.72381,-9.51302,Cork
Big Point,67,Harbour,VENTRY THE BOAT SLIP,18/08/2003,0,19.1,9.4,,93200,53700,51.72607,-9.54638,Cork
Garinish,36,Harbour,VENTRY THE BOAT SLIP,18/08/2003,0,19.1,9.4,,93800,55000,51.73786,-9.5381,Cork
Garinish,7,Harbour,VENTRY THE BOAT SLIP,18/08/2003,0,19.1,9.4,,94000,55000,51.7379,-9.5352,Cork
Garinish,18,Harbour,VENTRY THE BOAT SLIP,18/08/2003,0,19.1,9.4,,93300,56100,51.74765,-9.54567,Cork
Garinish,3,Harbour,VENTRY THE BOAT SLIP,18/08/2003,0,19.1,9.4,,93300,55600,51.74316,-9.54552,Cork
Garinish,3,Harbour,VENTRY THE BOAT SLIP,18/08/2003,0,19.1,9.4,,93200,55700,51.74404,-9.54699,Cork
Whiddy,1,Harbour,VENTRY THE BOAT SLIP,18/08/2003,0,19.1,9.4,,94000,48800,51.6822,-9.53332,Cork
Whiddy,54,Harbour,VENTRY THE BOAT SLIP,18/08/2003,0,19.1,9.4,,93400,48500,51.67939,-9.5419,Cork
Whiddy,8,Harbour,VENTRY THE BOAT SLIP,18/08/2003,0,19.1,9.4,,93000,48200,51.67662,-9.54759,Cork
Whiddy,34,Harbour,VENTRY THE BOAT SLIP,18/08/2003,0,19.1,9.4,,93400,48400,51.67849,-9.54187,Cork
Sheeps Hd,1,Grey,0,18/08/2003,0,,,,72800,33500,51.54036,-9.83413,Cork
Dunmanus,4,Grey,0,18/08/2003,0,,,,85200,35900,51.56458,-9.65627,Cork
Mizen,4,Grey,0,18/08/2003,0,,,,75800,28600,51.49701,-9.78919,Cork
Crook Haven,1,Grey,0,18/08/2003,0,,,,86200,27200,51.48662,-9.63905,Cork
Dunmanus,9,Harbour,0,18/08/2003,0,,,,85200,35900,51.56458,-9.65627,Cork
Dunmanus,14,Harbour,0,18/08/2003,0,,,,85400,35300,51.55923,-9.65319,Cork
Dunmanus,16,Harbour,0,18/08/2003,0,,,,85100,35400,51.56007,-9.65755,Cork
Dunmanus,33,Harbour,0,18/08/2003,0,,,,87200,36500,51.57037,-9.62763,Cork
Dunmanus,4,Harbour,VENTRY THE BOAT SLIP,18/08/2003,0,,,,91200,40100,51.6035,-9.57108,Cork
Dunmanus,5,Harbour,VENTRY THE BOAT SLIP,18/08/2003,0,,,,91200,39900,51.6017,-9.57102,Cork
Crookhaven,1,Harbour,0,18/08/2003,0,,,,80500,26000,51.47466,-9.72066,Cork
Crookhaven,1,Harbour,0,18/08/2003,0,,,,90800,28600,51.5001,-9.57328,Cork
Inishmurray,59,Grey,FOTA ISLAND (GOLF CLUB),13/08/2003,0,,,,156400,357300,54.46233,-8.67308,Sligo
Inishmurray,4,Grey,FOTA ISLAND (GOLF CLUB),13/08/2003,0,,,,156600,357400,54.46324,-8.67001,Sligo
Inishmurray,32,Grey,FOTA ISLAND (GOLF CLUB),13/08/2003,0,,,,156400,357400,54.46322,-8.67309,Sligo
Inishmurray,8,Grey,FOTA ISLAND (GOLF CLUB),13/08/2003,0,,,,156300,357400,54.46322,-8.67464,Sligo
Inishmurray,6,Grey,FOTA ISLAND (GOLF CLUB),13/08/2003,0,,,,155200,357500,54.46402,-8.69161,Sligo
Dernish Isl,12,Harbour,WATERGRASSHILL (Tinageragh),13/08/2003,0,,,,166900,352200,54.41731,-8.5106,Sligo
Greencastle,2,Harbour,LETTERKENNY (Dromore),12/08/2003,0.7,,,,266900,440900,55.21063,-6.94985,Donegal
Greencastle,2,Harbour,KILLYGORDON (Ballyarrell),12/08/2003,0.7,,,,266800,444200,55.24028,-6.95064,Donegal
Loch Swilly,5,Harbour,BALLYBOFEY NAVENNY,12/08/2003,1.7,,,,233700,430300,55.1188,-7.4726,Donegal
Inishbofin,1,Grey,BALLINEEN (Caherkirky),14/08/2003,0,,,,51400,263800,53.60314,-10.24561,Galway
Inishbofin,3,Grey,CASTLEMAHON W.W.,14/08/2003,0,,,,50500,262700,53.593,-10.25867,Galway
Inishbofin,1,Grey,CASTLEMAHON W.W.,14/08/2003,0,,,,50400,262700,53.59298,-10.26018,Galway
Inishbofin,3,Grey,CASTLEMAHON W.W.,14/08/2003,0,,,,49400,262700,53.59269,-10.27527,Galway
Inishbofin,2,Grey,BALLINEEN (Caherkirky),14/08/2003,0,,,,47000,263700,53.60097,-10.31198,Galway
Inishturk,5,Grey,SHANNON AIRPORT,14/08/2003,0,,,,63300,272200,53.68179,-10.06967,Mayo
Inishturk,8,Grey,SHANNON AIRPORT,14/08/2003,0,,,,63400,272000,53.68002,-10.06807,Mayo
Inishturk,6,Grey,SHANNON AIRPORT,14/08/2003,0,,,,63200,271900,53.67907,-10.07105,Mayo
Inishturk,5,Grey,SHANNON AIRPORT,14/08/2003,0,,,,63000,271800,53.67812,-10.07403,Mayo
High Is,3,Grey,CORROFIN (Soheen),15/08/2003,0,,,,49700,256900,53.54071,-10.26795,Galway
Iniseer,5,Grey,DERRYPARK,16/08/2003,5.6,,,,96400,202500,53.06338,-9.5461,Clare
Inishmore,6,Grey,CASTLEISLAND (Kilmurry),16/08/2003,5.6,,,,77200,211800,53.14284,-9.83591,Clare
Lettermore Is,2,Harbour,DOO-LOUGH,15/08/2003,0,,,,82300,221700,53.2329,-9.76338,Galway
Inishmore,5,Harbour,CASTLEISLAND (Kilmurry),16/08/2003,5.6,,,,77000,211800,53.14279,-9.8389,Clare
Inishmore,14,Harbour,CASTLEISLAND (Kilmurry),16/08/2003,5.6,,,,76900,211800,53.14277,-9.84039,Clare
Inishmore,4,Harbour,MULLAGH (Carrowlagan),16/08/2003,5.6,,,,85400,211100,53.13838,-9.71318,Clare
Inishmore,16,Harbour,ESKERAGH,16/08/2003,5.6,,,,91000,208500,53.1162,-9.62865,Clare
Great Saltee,8,Grey,CLOGHANE,19/08/2003,0,,,,295700,97700,52.1234,-6.60344,Wexford
Great Saltee,8,Grey,CLOGHANE,19/08/2003,0,,,,295600,97600,52.12252,-6.60493,Wexford
Great Saltee,1,Grey,CLOGHANE,19/08/2003,0,,,,295200,97600,52.12259,-6.61076,Wexford
Great Saltee,4,Grey,CLOGHANE,19/08/2003,0,,,,295600,97400,52.12072,-6.60498,Wexford
Great Saltee,5,Grey,DEREEN,19/08/2003,0,,,,297400,94900,52.09795,-6.57943,Wexford
Great Saltee,35,Grey,DEREEN,19/08/2003,0,,,,297100,94800,52.0971,-6.58383,Wexford
Upper Kenmare,5,Harbour,VENTRY THE BOAT SLIP,18/08/2003,0,,,,83600,68200,51.85442,-9.69011,Kerry
Upper Kenmare,41,Harbour,VENTRY THE BOAT SLIP,18/08/2003,0,,,,83700,68100,51.85354,-9.68863,Kerry
Upper Kenmare,15,Harbour,VENTRY THE BOAT SLIP,18/08/2003,0,,,,83800,67100,51.84458,-9.68684,Kerry
Upper Kenmare,44,Harbour,VENTRY THE BOAT SLIP,18/08/2003,0,,,,84500,68600,51.8582,-9.67719,Kerry
Upper Kenmare,20,Harbour,VENTRY THE BOAT SLIP,18/08/2003,0,,,,84800,68700,51.85916,-9.67287,Kerry
Upper Kenmare,6,Harbour,VENTRY THE BOAT SLIP,18/08/2003,0,,,,85500,68600,51.85841,-9.66268,Kerry
Upper Kenmare,1,Harbour,VENTRY THE BOAT SLIP,18/08/2003,0,,,,85600,68700,51.85933,-9.66127,Kerry
Upper Kenmare,3,Harbour,VENTRY THE BOAT SLIP,18/08/2003,0,,,,84200,67300,51.84646,-9.68111,Kerry
Ormonds Is,5,Grey,VENTRY THE BOAT SLIP,18/08/2003,0,,,,79400,64500,51.82029,-9.74975,Kerry
Bear Island,1,Grey,VENTRY THE BOAT SLIP,18/08/2003,0,,,,78900,46400,51.65759,-9.75071,Cork
Sneem Hbr,1,Harbour,VENTRY THE BOAT SLIP,18/08/2003,0,,,,75200,64500,51.81937,-9.81063,Kerry
Sneem Hbr,1,Harbour,VENTRY THE BOAT SLIP,18/08/2003,0,,,,75600,61700,51.79431,-9.80383,Kerry
Ormonds Is,11,Harbour,VENTRY THE BOAT SLIP,18/08/2003,0,,,,79400,64600,51.82119,-9.74979,Kerry
Ormonds Is,14,Harbour,VENTRY THE BOAT SLIP,18/08/2003,0,,,,79300,64400,51.81937,-9.75117,Kerry
Kilmakillogue,21,Harbour,VENTRY THE BOAT SLIP,18/08/2003,0,,,,75800,58600,51.76651,-9.79982,Kerry
Ardgroom Hbr,3,Harbour,VENTRY THE BOAT SLIP,18/08/2003,0,,,,70900,57800,51.75821,-9.87047,Cork
Ardgroom Hbr,2,Harbour,VENTRY THE BOAT SLIP,18/08/2003,0,,,,63600,51800,51.70259,-9.97378,Cork
Bear Island,5,Harbour,VENTRY THE BOAT SLIP,18/08/2003,0,,,,80400,49800,51.68845,-9.7302,Cork
Rathlin Is,23,Grey,SILVERMINES MTNS.(Curreeny),13/08/2003,0,,,,146700,380300,54.66799,-8.82681,Donegal
Rathlin Is,3,Grey,BALLYSHANNON (Cherrymount),13/08/2003,0,,,,146200,379700,54.66255,-8.83445,Donegal
Loughros Bay,90,Grey,DRUMSHANBO,13/08/2003,0,,,,159400,391800,54.77247,-8.6316,Donegal
Gweebarra River,1,Harbour,DRUMSNA (Albert Lock),12/08/2003,2,,,,176100,400100,54.8481,-8.37281,Donegal
Gweebarra River,41,Harbour,DRUMSNA (Albert Lock),12/08/2003,2,,,,176200,400000,54.84721,-8.37124,Donegal
Loughrosmore Bay,8,Harbour,LECARROW,12/08/2003,2,,,,169700,393400,54.78757,-8.47173,Donegal
Loughrosmore Bay,9,Harbour,LECARROW,12/08/2003,2,,,,169900,393400,54.78758,-8.46862,Donegal
Roonagh,1,Grey,CARRIGADROHID (Gen.Stn.),14/08/2003,0,,,,74100,280300,53.75724,-9.90961,Mayo
Killary,3,Grey,BALLINEEN (Carbery),14/08/2003,0,,,,71000,269600,53.6604,-9.95213,Mayo
Killary,15,Grey,BALLINEEN (Carbery),14/08/2003,0,,,,71100,269400,53.65863,-9.95053,Mayo
Inishturk,3,Grey,SHANNON AIRPORT,14/08/2003,0,,,,66500,275800,53.71494,-10.02282,Mayo
Inishturk,2,Grey,SHANNON AIRPORT,14/08/2003,0,,,,65300,275300,53.71015,-10.04076,Mayo
Roonagh,19,Harbour,CARRIGADROHID (Gen.Stn.),14/08/2003,0,,,,74200,280300,53.75726,-9.90809,Mayo
Roonagh,5,Harbour,CARRIGADROHID (Gen.Stn.),14/08/2003,0,,,,74100,280300,53.75724,-9.90961,Mayo
Dungloe Bay,20,Harbour,KNOCKANORE,12/08/2003,3.2,,,,171500,414800,54.9799,-8.44587,Donegal
Burtonport,2,Harbour,AUGHNASHEELAN (Miskawn),12/08/2003,3.2,,,,170900,417400,55.00322,-8.4555,Donegal
Courtmacsherry,6,Grey,VENTRY THE BOAT SLIP,19/08/2003,0,,,,158300,39900,51.61067,-8.60268,Cork
Courtmacsherry,1,Grey,VENTRY THE BOAT SLIP,19/08/2003,0,,,,156600,42600,51.6348,-8.62755,Cork
Kinsale Hbr,6,Grey,VENTRY THE BOAT SLIP,19/08/2003,0,,,,170400,49200,51.69502,-8.4288,Cork
Kinsale Hbr,10,Harbour,VENTRY THE BOAT SLIP,19/08/2003,0,,,,162400,49300,51.69544,-8.54451,Cork
Ballynakill Hbr,5,Harbour,BALLINA (Attymass),14/08/2003,0,,,,69000,258800,53.56293,-9.97782,Galway
Howth,6,Grey,BELCARRA (Carrajames),20/08/2003,0,22.7,12.7,,329700,237200,53.36931,-6.05217,Dublin
Howth,1,Grey,BELCARRA (Carrajames),20/08/2003,0,,,,330200,238200,53.37816,-6.04425,Dublin
Ireland's Eye,1,Grey,MACROOM (Renaniree),20/08/2003,0,,,,329000,240500,53.39911,-6.06133,Dublin
Ireland's Eye,21,Grey,MACROOM (Renaniree),20/08/2003,0,,,,329100,240600,53.39998,-6.05979,Dublin
Ireland's Eye,6,Grey,MACROOM (Renaniree),20/08/2003,0,,,,329000,241000,53.4036,-6.06113,Dublin
Dundalk Hrb,1,Grey,PATRICKSWELL (Dooneen),20/08/2003,0.2,,,,309100,307800,54.008,-6.33669,Louth
Dundalk Hbr,18,Harbour,PATRICKSWELL (Dooneen),20/08/2003,0.2,,,,309100,307800,54.008,-6.33669,Louth
Carnsore,56,Grey,CLOGHANE,19/08/2003,0,,,,308700,101400,52.15424,-6.41252,Wexford
Tuskar Rock,3,Grey,ROADS,19/08/2003,0,18.4,13.6,,322600,107200,52.20343,-6.20744,Wexford
Tuskar Rock,3,Grey,ROADS,19/08/2003,0,18.4,13.6,,322500,107100,52.20255,-6.20894,Wexford
Tuskar Rock,9,Grey,ROADS,19/08/2003,0,18.4,13.6,,322500,107100,52.20255,-6.20894,Wexford
Tuskar Rock,2,Grey,ROADS,19/08/2003,0,18.4,13.6,,322500,107200,52.20345,-6.2089,Wexford
Carnsore,2,Grey,ROADS,19/08/2003,0,18.4,13.6,,312800,104900,52.18486,-6.35148,Wexford
Carnsore,7,Grey,ROADS,19/08/2003,0,18.4,13.6,,312800,105000,52.18576,-6.35145,Wexford
Carnsore,1,Grey,ROADS,19/08/2003,0,18.4,13.6,,313800,107100,52.20441,-6.33613,Wexford
Greenore Pt,20,Grey,INISHBOFIN,19/08/2003,0,18.4,13.6,,315700,111400,52.24265,-6.30688,Wexford
Killala Bay,107,Harbour,SCARRIFF (Fossabeg),13/08/2003,0,,,,126400,328100,54.1966,-9.12841,Sligo
Killala Bay,1,Harbour,KILCAR (Cronasillagh),13/08/2003,0,,,,123200,328700,54.20152,-9.17758,Sligo
Castle Cove,1,Grey,VENTRY THE BOAT SLIP,18/08/2003,0,,,,62000,60000,51.77585,-10.00016,Kerry
Castle Cove,12,Harbour,VENTRY THE BOAT SLIP,18/08/2003,0,,,,61900,60000,51.77583,-10.0016,Kerry
Castle Cove,25,Harbour,VENTRY THE BOAT SLIP,18/08/2003,0,,,,62000,60000,51.77585,-10.00016,Kerry
Castle Cove,2,Harbour,VENTRY THE BOAT SLIP,18/08/2003,0,,,,58500,59300,51.76869,-10.05055,Kerry
Castle Cove,24,Harbour,VENTRY THE BOAT SLIP,18/08/2003,0,,,,58400,59300,51.76867,-10.05199,Kerry
Castle Cove,21,Harbour,VENTRY THE BOAT SLIP,18/08/2003,0,,,,58500,59700,51.77228,-10.05071,Kerry
Kinnagoe Bay,3,Grey,CLONMEL (Redmondstown),12/08/2003,1.1,,,,262000,447100,55.26695,-7.02545,Donegal
Kinnagoe Bay,1,Grey,FETHARD (PARSONSHILL),12/08/2003,1.1,,,,261300,447300,55.26884,-7.03641,Donegal
Inner Bay,148,Harbour,BALLINASLOE (Pollboy Lock),13/08/2003,0,,,,190800,374700,54.62042,-8.14317,Donegal
Ardmore Pt,8,Grey,NEWPORT (Ardagh Lodge),20/08/2003,0,,,,321100,187800,52.92769,-6.19996,Wicklow
Slyne Hd,1,Grey,BELCARRA (Carrajames),15/08/2003,0,19.3,9,6.7,63800,238400,53.37844,-10.04741,Galway
Slyne Hd,1,Grey,BELCARRA (Carrajames),15/08/2003,0,19.3,9,6.7,64000,238500,53.37939,-10.04445,Galway
Slyne Hd,3,Grey,BELCARRA (Carrajames),15/08/2003,0,19.3,9,6.7,64500,238000,53.37502,-10.03673,Galway
Slyne Hd,1,Grey,BELCARRA (Carrajames),15/08/2003,0,19.3,9,6.7,64700,237800,53.37328,-10.03364,Galway
Slyne Hd,3,Grey,BELCARRA (Carrajames),15/08/2003,0,19.3,9,6.7,64600,237800,53.37325,-10.03514,Galway
Slyne Hd,5,Grey,BELCARRA (Carrajames),15/08/2003,0,19.3,9,6.7,64500,238200,53.37682,-10.03681,Galway
Skerries,1,Grey,CASTLEBAR (Burren),15/08/2003,0,19.3,9,6.7,64600,228800,53.29244,-10.0313,Galway
Skerries,6,Grey,COOMCLOGH,15/08/2003,0,19.3,9,6.7,65700,225000,53.2586,-10.01321,Galway
Skerries,3,Grey,SKIBEREEN (WaterTreatmentPlant),15/08/2003,0,19.3,9,6.7,67300,224500,53.25451,-9.98904,Galway
Bertraghboy,2,Harbour,MACROOM (Renaniree),15/08/2003,0,19.3,9,6.7,73700,241700,53.41053,-9.90006,Galway
Bertraghboy,7,Harbour,MACROOM (Renaniree),15/08/2003,0,19.3,9,6.7,78300,240100,53.39724,-9.8303,Galway
Bertraghboy,9,Harbour,LISGLENNON WATERWORKS,15/08/2003,0,19.3,9,6.7,80200,239900,53.39588,-9.80168,Galway
Bertraghboy,7,Harbour,LISGLENNON WATERWORKS,15/08/2003,0,19.3,9,6.7,80600,239300,53.39058,-9.79544,Galway
Bertraghboy,6,Harbour,LISGLENNON WATERWORKS,15/08/2003,0,19.3,9,6.7,80200,239100,53.38869,-9.80138,Galway
Bertraghboy,1,Harbour,BALLYHAHILL_Glenbawn,15/08/2003,0,19.3,9,6.7,74800,235400,53.35421,-9.88103,Galway
Mweenish,6,Harbour,M.BALLYVOURNEY (Knockacommeen),15/08/2003,0,19.3,9,6.7,76200,232000,53.32401,-9.85869,Galway
Mweenish,16,Harbour,M.BALLYVOURNEY (Knockacommeen),15/08/2003,0,19.3,9,6.7,76200,231800,53.32222,-9.85861,Galway
Mweenish,4,Harbour,M.BALLYVOURNEY (Knockacommeen),15/08/2003,0,19.3,9,6.7,76100,231700,53.32129,-9.86007,Galway
Mweenish,18,Harbour,BALLINGEARY (Voc.Sch.),15/08/2003,0,19.3,9,6.7,78700,230000,53.30663,-9.82042,Galway
Lambay,6,Grey,BALLINA (Shanaghy),20/08/2003,0,,,,332000,249800,53.48188,-6.01236,Dublin
Lambay,13,Grey,BALLINA (Shanaghy),20/08/2003,0,,,,333100,251200,53.49417,-5.99521,Dublin
Lambay,23,Grey,BALLINA (Shanaghy),20/08/2003,0,,,,332900,251400,53.49602,-5.99814,Dublin
Lambay,17,Grey,BALLINA GOLF CLUB,20/08/2003,0,,,,331000,251600,53.49829,-6.02667,Dublin
Lambay,2,Grey,BALLINA GOLF CLUB,20/08/2003,0,,,,330800,251700,53.49924,-6.02964,Dublin
Lambay,3,Grey,BALLINA (Shanaghy),20/08/2003,0,,,,330300,250500,53.48859,-6.03766,Dublin
Skerries,6,Grey,BALLINA (Attymass),20/08/2003,0,,,,326700,258500,53.5613,-6.08863,Dublin
Skerries,3,Grey,BALLINA (Attymass),20/08/2003,0,,,,326900,259800,53.57293,-6.08509,Dublin
Skerries,3,Grey,BALLINA (Attymass),20/08/2003,0,,,,326800,259900,53.57385,-6.08656,Dublin
Skerries,1,Grey,CASTLEMAHON W.W.,20/08/2003,0,,,,327500,260900,53.58266,-6.07559,Dublin
Skerries,30,Grey,CASTLEMAHON W.W.,20/08/2003,0,,,,327800,261300,53.58618,-6.0709,Dublin
Skerries,1,Grey,CASTLEMAHON W.W.,20/08/2003,0,,,,326600,261200,53.58557,-6.08905,Dublin
Rockabill,5,Grey,CASTLEMAHON W.W.,20/08/2003,0,,,,332200,262600,53.59676,-6.00395,Dublin
Lambay Is,1,Harbour,BALLINA (Shanaghy),20/08/2003,0,,,,332000,249800,53.48188,-6.01236,Dublin
Lambay Is,30,Harbour,BALLINA (Shanaghy),20/08/2003,0,,,,330300,250500,53.48859,-6.03766,Dublin
Skerries,3,Harbour,BALLINA (Attymass),20/08/2003,0,,,,326800,259900,53.57385,-6.08656,Dublin
North narrows,9,Grey,INISHCARRA (GEN.STN.),14/08/2003,0,,,,75400,310000,54.02423,-9.90198,Mayo
Clare Is,1,Grey,CARHEENY BEG,14/08/2003,0,,,,67500,286500,53.81127,-10.01227,Mayo
North narrows,5,Harbour,PATRICKSWELL (Dooneen),14/08/2003,0,,,,74600,307600,54.00249,-9.91319,Mayo
Achill Sound,5,Harbour,PATRICKSWELL (Dooneen),14/08/2003,0,,,,78800,306800,53.99631,-9.84886,Mayo
Achill Sound,1,Harbour,PATRICKSWELL (Dooneen),14/08/2003,0,,,,75700,305300,53.98211,-9.89549,Mayo
Achill Sound,5,Harbour,PATRICKSWELL (Dooneen),14/08/2003,0,,,,76700,304700,53.97696,-9.88001,Mayo
Achill Sound,22,Harbour,ARDRAHAN (Grannagh),14/08/2003,0,,,,77000,304500,53.97523,-9.87536,Mayo
Achill Sound,2,Harbour,ARDRAHAN (Grannagh),14/08/2003,0,,,,77100,304400,53.97436,-9.8738,Mayo
Achill Sound,1,Harbour,ARDRAHAN (Grannagh),14/08/2003,0,,,,79900,301800,53.95167,-9.83012,Mayo
Achill Sound,8,Harbour,ARDRAHAN (Grannagh),14/08/2003,0,,,,81300,303000,53.96277,-9.80928,Mayo
Achill Sound,13,Harbour,ARDRAHAN (Grannagh),14/08/2003,0,,,,81000,302700,53.96,-9.81373,Mayo
Achill Sound,9,Harbour,ARDRAHAN (Grannagh),14/08/2003,0,,,,80900,302500,53.95819,-9.81517,Mayo
Achill Sound,2,Harbour,ARDRAHAN (Grannagh),14/08/2003,0,,,,81000,302300,53.95641,-9.81357,Mayo
Achill Sound,1,Harbour,ARDRAHAN (Grannagh),14/08/2003,0,,,,81700,302200,53.95568,-9.80288,Mayo
Achill Sound,5,Harbour,TULLA,14/08/2003,0,,,,73300,298200,53.91777,-9.9291,Mayo
Clew Is,1,Harbour,CROAGH (Smithfield),14/08/2003,0,,,,93200,285800,53.81089,-9.62206,Mayo
Clew Is,20,Harbour,CROAGH (Smithfield),14/08/2003,0,,,,93300,285700,53.81002,-9.62051,Mayo
Clew Is,20,Harbour,CROAGH (Smithfield),14/08/2003,0,,,,94100,285300,53.80659,-9.60823,Mayo
Clew Is,19,Harbour,CROAGH (Smithfield),14/08/2003,0,,,,94200,285200,53.80571,-9.60668,Mayo
Clew Is,15,Harbour,CROAGH (Smithfield),14/08/2003,0,,,,94500,285200,53.80577,-9.60213,Mayo
Clew Is,3,Harbour,CROAGH (Smithfield),14/08/2003,0,,,,94400,284800,53.80216,-9.60351,Mayo
Clew Is,1,Grey,KNOCK AIRPORT,14/08/2003,0,,,,89000,293400,53.87827,-9.68853,Mayo
Clew Is,16,Harbour,KNOCK AIRPORT,14/08/2003,0,,,,89000,293400,53.87827,-9.68853,Mayo
Clew Is,1,Harbour,CLOONACOOL (Lough Easkey),14/08/2003,0,,,,94500,290200,53.85067,-9.60384,Mayo
Mutton Is,9,Grey,BANGOR ERRIS (Main St.),16/08/2003,0.5,,,,97500,172300,52.79232,-9.52017,Clare
Mutton Is,17,Harbour,TRALEE (Lisaboula),16/08/2003,0.5,,,,98900,174600,52.81325,-9.50014,Clare
Greencastle,2,Grey,MALLOW (Hazelwood),20/08/2003,0.2,,,,324500,311200,54.03504,-6.10054,Down
Greencastle,7,Grey,PATRICKSWELL (Dooneen),20/08/2003,0.2,,,,324500,308600,54.0117,-6.1016,Down
Greencastle,3,Grey,PATRICKSWELL (Dooneen),20/08/2003,0.2,,,,325800,308800,54.01318,-6.0817,Down
Greencastle,1,Grey,PATRICKSWELL (Dooneen),20/08/2003,0.2,,,,325900,308500,54.01046,-6.0803,Down
Greencastle,15,Grey,PATRICKSWELL (Dooneen),20/08/2003,0.2,,,,325400,308400,54.00969,-6.08797,Down
Black Rock,13,Harbour,MALLOW (Hazelwood),20/08/2003,0.2,,,,321100,311600,54.03945,-6.15224,Louth
Greencastle,33,Harbour,MALLOW_(SpaHouse),20/08/2003,0.2,,,,322200,313700,54.05804,-6.13462,Down
Greencastle,13,Harbour,MALLOW (Hazelwood),20/08/2003,0.2,,,,323600,311600,54.03885,-6.1141,Down
Greencastle,18,Harbour,MALLOW (Hazelwood),20/08/2003,0.2,,,,323800,311600,54.0388,-6.11105,Down
Greencastle,19,Harbour,MALLOW (Hazelwood),20/08/2003,0.2,,,,323900,310900,54.0325,-6.10981,Down
Greencastle,27,Harbour,MALLOW (Hazelwood),20/08/2003,0.2,,,,324400,311200,54.03507,-6.10206,Down
Greencastle,54,Harbour,MALLOW (Hazelwood),20/08/2003,0.2,,,,324200,311000,54.03332,-6.1052,Down
Greencastle,37,Harbour,MALLOW (Hazelwood),20/08/2003,0.2,,,,323800,311200,54.03521,-6.11122,Down
Greencastle,1,Harbour,MALLOW (Hazelwood),20/08/2003,0.2,,,,323800,311300,54.03611,-6.11118,Down
Greencastle,45,Harbour,MALLOW (Hazelwood),20/08/2003,0.2,,,,323700,311100,54.03434,-6.11278,Down
Greencastle,3,Harbour,PATRICKSWELL (Dooneen),20/08/2003,0.2,,,,324500,308600,54.0117,-6.1016,Down
Greencastle,15,Harbour,PATRICKSWELL (Dooneen),20/08/2003,0.2,,,,324900,308700,54.0125,-6.09546,Down
Greencastle,2,Harbour,PATRICKSWELL (Dooneen),20/08/2003,0.2,,,,324700,308700,54.01255,-6.09851,Down
Greencastle,4,Harbour,PATRICKSWELL (Dooneen),20/08/2003,0.2,,,,325500,308700,54.01236,-6.08632,Down
Greencastle,7,Harbour,PATRICKSWELL (Dooneen),20/08/2003,0.2,,,,325600,308600,54.01143,-6.08483,Down
Greencastle,19,Harbour,PATRICKSWELL (Dooneen),20/08/2003,0.2,,,,325600,308500,54.01054,-6.08488,Down
Fergus Estuary,2,Grey,ARDFERT (Liscahane),16/08/2003,0,,,,128300,157400,52.66342,-9.06045,Clare
Fergus Estuary,2,Harbour,ARDFERT (Liscahane),16/08/2003,0,23.6,11.3,4,129900,158800,52.67621,-9.0371,Clare
Fergus Estuary,6,Harbour,ARDFERT (Liscahane),16/08/2003,0,23.6,11.3,4,130400,158900,52.67717,-9.02973,Clare
Ballydehob,2,Grey,0,18/08/2003,0,19.4,12.1,,101700,31300,51.52636,-9.41712,Cork
Ringarogy Is,4,Grey,0,18/08/2003,0,19.4,12.1,,103200,28600,51.50236,-9.39478,Cork
Ringarogy Is,17,Grey,0,18/08/2003,0,19.4,12.1,,98700,26500,51.48271,-9.45896,Cork
Ringarogy Is,2,Grey,0,18/08/2003,0,19.4,12.1,,98500,26400,51.48177,-9.46181,Cork
Ringarogy Is,12,Grey,0,18/08/2003,0,19.4,12.1,,94800,25700,51.47481,-9.51484,Cork
Ringarogy Is,10,Grey,0,18/08/2003,0,19.4,12.1,,95300,25900,51.4767,-9.50771,Cork
Ballydehob,15,Harbour,0,18/08/2003,0,19.4,12.1,,100200,33600,51.54677,-9.43938,Cork
Ballydehob,2,Harbour,0,18/08/2003,0,19.4,12.1,,101400,32800,51.53979,-9.42186,Cork
Ringarogy Is,11,Harbour,0,18/08/2003,0,19.4,12.1,,103600,28200,51.49884,-9.38891,Cork
Ringarogy Is,3,Harbour,0,18/08/2003,0,19.4,12.1,,103400,28300,51.4997,-9.39181,Cork
Ringarogy Is,8,Harbour,0,18/08/2003,0,19.4,12.1,,103700,28100,51.49796,-9.38744,Cork
Ringarogy Is,11,Harbour,0,18/08/2003,0,19.4,12.1,,103500,27900,51.49612,-9.39027,Cork
Toe Head,7,Grey,0,18/08/2003,0,,,,115200,24600,51.46835,-9.22104,Cork
Castletownsend,3,Grey,0,18/08/2003,0,,,,121000,29700,51.51501,-9.13874,Cork
Castle Cove,2,Grey,VENTRY THE BOAT SLIP,18/08/2003,0.2,,,,69600,61900,51.79474,-9.89082,Kerry
Castle Cove,66,Harbour,VENTRY THE BOAT SLIP,18/08/2003,0.2,,,,69200,62800,51.80273,-9.89696,Kerry
Castle Cove,1,Harbour,VENTRY THE BOAT SLIP,18/08/2003,0.2,,,,67100,63700,51.81032,-9.92773,Kerry
Sneem Hbr,21,Harbour,VENTRY THE BOAT SLIP,18/08/2003,0.2,,,,71200,63400,51.80858,-9.8682,Kerry
Sneem Hbr,25,Harbour,VENTRY THE BOAT SLIP,18/08/2003,0.2,,,,71700,63000,51.80511,-9.86081,Kerry
Sneem Hbr,3,Harbour,VENTRY THE BOAT SLIP,18/08/2003,0.2,,,,71800,62900,51.80423,-9.85932,Kerry
Sneem Hbr,3,Harbour,VENTRY THE BOAT SLIP,18/08/2003,0.2,,,,75000,65300,51.82651,-9.81382,Kerry
Broadwater,22,Harbour,BALLINAMULT (Doon),12/08/2003,1,,,,220700,433800,55.15095,-7.67608,Donegal
Broadwater,8,Harbour,BALLINAMULT (Doon),12/08/2003,1,,,,220600,433700,55.15006,-7.67765,Donegal
Broadwater,1,Harbour,BALLINAMULT (Doon),12/08/2003,1,,,,220000,432300,55.13751,-7.68716,Donegal
Great Blasket,1,Grey,CLOGHANE,17/08/2003,2.6,,,,28400,99100,52.11763,-10.50602,Kerry
Inishvickallane,1,Grey,DEREEN,17/08/2003,2.6,,,,20300,91300,52.04504,-10.62004,Kerry
Inishvickallane,25,Grey,DEREEN,17/08/2003,2.6,,,,20500,91400,52.046,-10.61718,Kerry
Inishvickallane,4,Grey,DEREEN,17/08/2003,2.6,,,,20700,91300,52.04516,-10.61422,Kerry
Wexford Hbr,25,Grey,DERRIANA,19/08/2003,0,18.4,13.6,,308200,120900,52.32951,-6.41359,Wexford
Wexford Hbr,14,Harbour,CLEGGAN (Cloch Breac),19/08/2003,0,18.4,13.6,,309200,120100,52.32212,-6.39918,Wexford
Wexford Hbr,3,Harbour,DERRIANA,19/08/2003,0,18.4,13.6,,308200,120900,52.32951,-6.41359,Wexford
